{"name":"b8b25eed-8ef9-4e4a-b539-c0b5fe8bc1e1","id":"/providers/Microsoft.Flow/flows/b8b25eed-8ef9-4e4a-b539-c0b5fe8bc1e1","type":"Microsoft.Flow/flows","properties":{"apiId":"/providers/Microsoft.PowerApps/apis/shared_logicflows","displayName":"ApiConnection -> Refresh a dataset","definition":{"metadata":{"workflowEntityId":null,"processAdvisorMetadata":null,"flowChargedByPaygo":null,"flowclientsuspensionreason":"None","flowclientsuspensiontime":null,"flowclientsuspensionreasondetails":null,"creator":{"id":"b48038dc-fa9e-4e71-b89b-ee49220b84ec","type":"User","tenantId":"72e63bb5-ee93-4204-beed-cdcb89e22dcf"},"provisioningMethod":"FromDefinition","failureAlertSubscription":true,"clientLastModifiedTime":"2024-11-13T08:23:32.791192Z","connectionKeySavedTimeKey":"2024-11-13T08:23:32.791192Z","creationSource":"Power BI","modifiedSources":"Power BI"},"$schema":"https://schema.management.azure.com/providers/Microsoft.Logic/schemas/2016-06-01/workflowdefinition.json#","contentVersion":"1.0.0.0","parameters":{"$connections":{"defaultValue":{},"type":"Object"},"$authentication":{"defaultValue":{},"type":"SecureObject"}},"triggers":{"manual":{"splitOn":"@triggerBody()['rows']","metadata":{"operationMetadataId":"82e51737-cbca-48b0-b2b4-5243d06b13c6"},"type":"Request","kind":"ApiConnection","inputs":{"schema":{"type":"object","properties":{},"required":[]},"host":{"connection":{"name":"@parameters('$connections')['shared_powerbi']['connectionId']"},"api":{"runtimeUrl":"https://default-72e63bb5-ee93-4204-beed-cdcb89e22dcf.11.common.europe002.azure-apihub.net/apim/powerbi"}},"operationId":"PowerBiButtonClicked","parameters":{"inputsPowerBiData":"{}","pbi_source":"powerAutomate"}}}},"actions":{"Refresh_a_dataset":{"runAfter":{},"metadata":{"operationMetadataId":"8629f2d5-1268-4dca-8ff0-5ffe585775ad"},"type":"OpenApiConnection","inputs":{"host":{"apiId":"/providers/Microsoft.PowerApps/apis/shared_powerbi","connectionName":"shared_powerbi","operationId":"RefreshDataset"},"parameters":{"groupid":"9f6c90ac-9156-43db-b3c0-f9f8d84c42cd","datasetid":"e5c02ae6-1658-4ef5-9700-e1076a89c822"},"authentication":"@parameters('$authentication')"}}}},"connectionReferences":{"shared_powerbi":{"connectionName":"shared-powerbi-95b790a8-f646-4c86-8eee-a3779ed564d4","source":"Embedded","id":"/providers/Microsoft.PowerApps/apis/shared_powerbi","tier":"NotSpecified"}},"flowFailureAlertSubscribed":false,"isManaged":false}}